stock_name,user_name,video_id,followers,views,likes,comments,shares
 (APP),theonlynaklas,6945617160127483141,86400,6753,672,17,50
 (BOG),gavin_mayo,6947405247862131973,252000,1573,71,16,5
 (CHAT),stockswithjack,6946011946164505858,17800,5557,560,35,4
 (DAY),surgeyyyy,6929638914747632901,282700,151200,20100,938,102
 (DAY),stockswings,6940030483480759557,61400,6028,169,36,9
 (IV),rudaman,6945929212272479494,3696,300,25,2,4
 (ME),stockstv,6896942242049674501,2373,634,15,4,0
 (MICROSOFT),stockmarketuniversity,6947154753776340229,3021,2817,67,4,5
 (NEWS),stockinvestors,6935593005105548549,22300,3038,70,11,18
 (NEWS),mr.investr,6946994794778381573,79600,28600,1091,122,301
 (NFT),flash.trades,6946441263553973510,2267,43,4,0,0
 (ONES),spacs.ai,6932620674951384326,28000,3206,130,36,41
 (ONES),assetentities,6946670694289706245,517800,31100,2849,68,18
 (PAID),llamas1115,6940026359137766662,798,194,6,10,2
 (PART),investwithruss,6947314550253423878,96000,4520,214,16,6
 (PAUL),investwithruss,6947314550253423878,96000,4520,214,16,6
 (PC),theonlynaklas,6945617160127483141,86400,6753,672,17,50
 (TAB),llamas1115,6940026359137766662,798,194,6,10,2
 (THIS),stockrogue,6932552320605605125,42400,3620,91,16,2
 (THIS),coletrades,6939292324946119941,3516,1622,18,14,0
 (THIS),investing_with_mike,6946702230124973317,77100,723,34,5,0
 (THIS),thelaptoplegend,6934173585376431365,128800,8028,516,26,8
 (TILL),thetaclub,6929260998390041862,2329,2950,32,6,23
 (TOP),thestockhub,6947244459490921733,78000,2271,74,6,1
"00NFHARVEST HEALTHCARE LEADERS  (HHL.TO)
Word Searched: leader",notkamel,6945941658466848006,26000,93100,7344,109,514
"1-800-FLOWERS.COM, Inc. (FLWS)
Word Searched: Flaws",marketafterhours,6945403619831336198,6058,494,21,3,4
11734365 (Q),stockswallet,6947044408890051845,19400,6376,260,20,35
"13 WEEK TREASURY BILL (^IRX)
Word Searched: WEEK",penny.lifestyles,6947461721686641925,176400,956,83,2,4
130729 (SOLD),llamas1115,6940026359137766662,798,194,6,10,2
130729 (SOLD),theonlynaklas,6945617160127483141,86400,6753,672,17,50
14900 (HARD),stockrogue,6932552320605605125,42400,3620,91,16,2
178110 (GET),markettrader_official,6947392861042167046,278800,4829,708,23,7
19955 (ETF),stockinvestors,6935593005105548549,22300,3038,70,11,18
2117 (TO),investwithruss,6947314550253423878,96000,4520,214,16,6
26028 (DRAM),notkamel,6945941658466848006,26000,93100,7344,109,514
33352 (RENT),thebuyinking,6940646927092452614,535900,99700,8691,169,198
33352 (RENT),fourtoeight,6945936407730932998,1100000,95100,14600,94,304
4397 (NY),highleyinvested,6946908526124092677,38700,902,76,1,1
47300 (IF),investing_with_mike,6946702230124973317,77100,723,34,5,0
58911 (GOT),alcidesvla,6946533625600937222,12800,4373,117,28,5
58911 (GOT),llamas1115,6940026359137766662,798,194,6,10,2
88 Energy Limited (EEENF),penny.lifestyles,6947461721686641925,176400,956,83,2,4
890019 (IM),stocksfeed,6943349892844768518,72100,5363,236,41,6
890019 (IM),visaltrades,6945437295239630086,2597,503,9,2,0
890019 (IM),llamas1115,6940026359137766662,798,194,6,10,2
890019 (IM),ashton_noland,6947402673243147526,78300,4414,370,13,72
890019 (IM),stockswings,6940030483480759557,61400,6028,169,36,9
890019 (IM),notkamel,6945941658466848006,26000,93100,7344,109,514
890019 (IM),erikbotoss,6941779137254280453,4330,6428,143,62,12
"ACV Auctions Inc. (ACVA)
Word Searched: AUCTION",flash.trades,6946441263553973510,2267,43,4,0,0
"ADVICENNE (ADVIC.PA)
Word Searched: advice",thebuyinking,6940646927092452614,535900,99700,8691,169,198
"AHLUWALIA CONTRACTS (INDIA) LT (AHLUCONT.BO)
Word Searched: contracts",bugs.money,6947485537997540614,4018,1,1,0,0
"AIM RITE HOLDS CORP (AIMH)
Word Searched: holds",coletrades,6939292324946119941,3516,1622,18,14,0
"ALLIED CORP (ALID)
Word Searched: Walid",itsali88,6947484869287021829,1458,14,2,0,0
"AMARA RAJA BATTERIES LTD. (AMARAJABAT.BO)
Word Searched: batteries",stockvip,6926323575376858373,178700,91300,5670,266,645
"AMC Entertainment Holdings, Inc (AMC)
Word Searched: HOLDING",mr.investr,6946994794778381573,79600,28600,1091,122,301
"AMC Entertainment Holdings, Inc. (AMC)",oscarwulfff,6935241744531590406,8162,32800,1874,66,529
"AMC Entertainment Holdings, Inc. (AMC)",apexoptionstrading,6922275199069031686,1408,3043,20,5,2
"AMC Entertainment Holdings, Inc. (AMC)",matthewhirayama,6922270597711924486,7883,342200,15200,1263,1194
"AMC Entertainment Holdings, Inc. (AMC)",brunopamfilio,6933008593000156422,1292,3082,177,37,6
"AP MEMORY TECHNOLOGY CORPORATIO (6531.TW)
Word Searched: Memory",notkamel,6945941658466848006,26000,93100,7344,109,514
"ARIANNE PHOSPHATE INC (DAN.V)
Word Searched: phosphate",stockvip,6926323575376858373,178700,91300,5670,266,645
"ARK Space Exploration & Innovat (ARKX)
Word Searched: SPACE",theoptionlab,6935499890038541573,2185,1459,26,8,3
"ARK Space Exploration & Innovat (ARKX)
Word Searched: SPACE",marketmartians,6945424684720655621,8264,2445,29,2,1
"ATDED (ATDED)
Word Searched: added",stockmarket_507,6934532298616360198,4651,2003,53,6,8
"ATDED (ATDED)
Word Searched: added",simplyinvesting,6947162066012704005,2932,374,4,1,0
"Advanced Micro Devices, Inc. (AMD)",hccapital,6945819763641765125,46500,3020,136,23,4
"Advanced Micro Devices, Inc. (AMD)",theonlynaklas,6945617160127483141,86400,6753,672,17,50
"Advantage Solutions Inc. (ADV)
Word Searched: advantage",highleyinvested,6946908526124092677,38700,902,76,1,1
AdvisorShares Pure US Cannabis ETF (MSOS),highleyinvested,6946908526124092677,38700,902,76,1,1
AdvisorShares STAR Global Buy-Write ETF (VEGA),titotrades,6947303779263991046,52800,1832,165,9,10
"AdvisorShares Trust AdvisorShar (MSOS)
Word Searched: advisor",alcidesvla,6946533625600937222,12800,4373,117,28,5
AeroCentury Corp. (ACY),moneylinemark,6946280161658588421,719500,52100,3801,86,61
"Affiliated Managers Group, Inc. (AMG)
Word Searched: affiliated",oscarwulfff,6935241744531590406,8162,32800,1874,66,529
Air Lease Corporation (AL),itsali88,6947484869287021829,1458,14,2,0,0
"Airbnb, Inc. (ABNB)",hccapital,6945819763641765125,46500,3020,136,23,4
"Alexandria Real Estate Equities, Inc. (ARE)",stockstok,6926183877455154438,5585,313,12,1,1
Alphabet Inc. (GOOG),stockmarketuniversity,6947154753776340229,3021,2817,67,4,5
"Alphabet Inc. (GOOG)
Word Searched: Alphabet",stockmarketuniversity,6947154753776340229,3021,2817,67,4,5
"Alphabet Inc. (GOOGL)
Word Searched: Google",austinhankwitz,6946680853879688454,482000,37100,3243,74,209
"Amazon.com, Inc. (AMZN)",hccapital,6945819763641765125,46500,3020,136,23,4
"Amazon.com, Inc. (AMZN)",theonlynaklas,6945617160127483141,86400,6753,672,17,50
"Amazon.com, Inc. (AMZN)",stockmarketuniversity,6947154753776340229,3021,2817,67,4,5
"Amazon.com, Inc. (AMZN)
Word Searched: Amazon",stockmarketuniversity,6947154753776340229,3021,2817,67,4,5
"American Airlines Group, Inc. (AAL)
Word Searched: American",stockmarketuniversity,6947154753776340229,3021,2817,67,4,5
American Express Company (AXP),stockmarketuniversity,6947154753776340229,3021,2817,67,4,5
"American Express Company (AXP)
Word Searched: Express",stockmarketuniversity,6947154753776340229,3021,2817,67,4,5
"American Virtual Cloud Technolo (AVCT)
Word Searched: virtual",lifeofcarlos0,6923009819561479430,1379,920,46,10,4
"American Water Works Company, I (AWK)
Word Searched: AWS",theonlynaklas,6945617160127483141,86400,6753,672,17,50
"Anaplan, Inc. (PLAN)
Word Searched: plans",gavin_mayo,6947405247862131973,252000,1573,71,16,5
"Annaly Capital Management Inc (NLY)
Word Searched: only",alcidesvla,6946533625600937222,12800,4373,117,28,5
Antero Midstream Corporation (AM),stocksfeed,6943349892844768518,72100,5363,236,41,6
Antero Midstream Corporation (AM),stockswithjack,6946011946164505858,17800,5557,560,35,4
Antero Midstream Corporation (AM),vinstock,6946663444439371014,44100,2059,152,24,9
Apple Inc. (AAPL),hccapital,6945819763641765125,46500,3020,136,23,4
Apple Inc. (AAPL),stockmarketuniversity,6947154753776340229,3021,2817,67,4,5
"Arch Resources, Inc. (ARCH)
Word Searched: March",mok.investments,6943426477228576005,4465,401,10,4,0
"Arch Resources, Inc. (ARCH)
Word Searched: March",alcidesvla,6946533625600937222,12800,4373,117,28,5
"Arch Resources, Inc. (ARCH)
Word Searched: March",vinstock,6946663444439371014,44100,2059,152,24,9
"Asensus Surgical, Inc. (ASXC)
Word Searched: surgical",theonlynaklas,6945617160127483141,86400,6753,672,17,50
Atari SA (PONGF),nickcomizio,6945988629625883910,3797,6932,188,29,51
"Atlas Technical Consultants, In (ATCX)
Word Searched: technical",thestockexperience,6935440626443980038,16700,22800,1025,34,198
Aurora Cannabis Inc. (ACB),hccapital,6945819763641765125,46500,3020,136,23,4
"Australian Dollar Futures,Jun-2 (6A=F)
Word Searched: Australia",stockswithjack,6946011946164505858,17800,5557,560,35,4
"Australian Dollar Futures,Jun-2 (6A=F)
Word Searched: australia",stockswithjack,6946011946164505858,17800,5557,560,35,4
Avalon Holdings Corporation (AWX),nitrotrades,6947143215032110342,13700,909,38,1,2
"BAOTOU TOMORROW TECHNOLOGY CO L (600091.SS)
Word Searched: TOMORROW",matthewhirayama,6922270597711924486,7883,342200,15200,1263,1194
"BONUS BIOGROUP (BONS.TA)
Word Searched: Bonus",bugs.money,6947485537997540614,4018,1,1,0,0
BP p.l.c. (BP),stocks_journey,6946317791456775429,832,244,6,1,0
"Babcock & Wilcox Enterprises, Inc. (BW)",stocktrickswithnick,6947358865545547013,35500,3371,143,16,25
"Bakkt BTC (USD) Monthly Future  (BTM=F)
Word Searched: MONTH",gd_investments,6947434915092794629,248600,1437,98,8,1
"Bakkt BTC (USD) Monthly Future  (BTM=F)
Word Searched: month",quicktrades,6947113839875968262,32700,1488,42,11,5
"Bakkt BTC (USD) Monthly Future  (BTM=F)
Word Searched: month",thebuyinking,6940646927092452614,535900,99700,8691,169,198
"Bakkt BTC (USD) Monthly Future  (BTM=F)
Word Searched: monthly",realstockmarket,6921738093380898053,3045,2010,58,5,4
"Bakkt BTC (USD) Monthly Future  (BTM=F)
Word Searched: monthly",luxuryequities,6947473766821711110,267400,1391,88,7,2
"Bank Rakyat Indonesia (Persero) (BBRI.JK)
Word Searched: R I P",brunopamfilio,6933008593000156422,1292,3082,177,37,6
Bank of America Corporation (BAC),stockmarketuniversity,6947154753776340229,3021,2817,67,4,5
"Bank of America Corporation (BAC)
Word Searched: America",stockmarketuniversity,6947154753776340229,3021,2817,67,4,5
"Beyond Meat, Inc. (BYND)",hccapital,6945819763641765125,46500,3020,136,23,4
"Big Lots, Inc. (BIG)",stockinvestors,6935593005105548549,22300,3038,70,11,18
"Bio-Rad Laboratories, Inc. (BIO)",penny.lifestyles,6947461721686641925,176400,956,83,2,4
"Bio-Rad Laboratories, Inc. (BIO)",stockshub,6930999772882980102,82900,4069,122,16,2
"Bio-Rad Laboratories, Inc. (BIO)",mikeoptions,6946596918151613702,7231,567,28,4,1
"Bio-Rad Laboratories, Inc. (BIO)",instynct,6906718980950543621,1381,259,28,0,0
"Bio-Rad Laboratories, Inc. (BIO)",optionscapital,6940077432586194182,17300,1364,38,2,2
"Bio-Rad Laboratories, Inc. (BIO)",vinstock,6946663444439371014,44100,2059,152,24,9
"Bio-Rad Laboratories, Inc. (BIO)",bullsofwallstreet,6947069757447294214,23600,2579,44,3,1
"Bio-Rad Laboratories, Inc. (BIO)",alertscapital,6947437663062396165,9998,2658,28,7,10
Bio-Techne Corporation (TECH),ceowatchlist,6946745570920860934,521900,17700,416,40,15
Bio-Techne Corporation (TECH),theonlynaklas,6945617160127483141,86400,6753,672,17,50
"Bitcoin USD (BTC-USD)
Word Searched: BITC U",finance_by_derian,6931054970611453190,2766,2131,60,6,14
"Bitcoin USD (BTC-USD)
Word Searched: BITCOIN",stockshub,6930999772882980102,82900,4069,122,16,2
"Bitcoin USD (BTC-USD)
Word Searched: BITCOIN",gd_investments,6947434915092794629,248600,1437,98,8,1
"Bitcoin USD (BTC-USD)
Word Searched: Bitcoin",sky_trades,6947438593736559878,81400,2977,110,14,5
"Bitcoin USD (BTC-USD)
Word Searched: Bitcoin",investwithruss,6947314550253423878,96000,4520,214,16,6
"Bitcoin USD (BTC-USD)
Word Searched: bitcoin",finance_by_derian,6931054970611453190,2766,2131,60,6,14
"Bitcoin USD (BTC-USD)
Word Searched: bitcoin",lifeofcarlos0,6923009819561479430,1379,920,46,10,4
"Bitcoin USD (BTC-USD)
Word Searched: bitcoin",coletrades,6939292324946119941,3516,1622,18,14,0
Bitfarms Ltd. (BFARF),nickcomizio,6945988629625883910,3797,6932,188,29,51
"Black Sea Wheat Financially Set (BWF=F)
Word Searched: financially",theonlynaklas,6945617160127483141,86400,6753,672,17,50
"BlackBerry Limited (BB)
Word Searched: bnb",gavin_mayo,6947405247862131973,252000,1573,71,16,5
"Blue Hat Interactive Entertainm (BHAT)
Word Searched: What",hustlyinvest.com,6947325600944098565,55600,3021,424,8,3
"Box, Inc. (BOX)
Word Searched: Xbox",theonlynaklas,6945617160127483141,86400,6753,672,17,50
BriaCell Therapeutics Corp. (BCTX),nitrotrades,6947143215032110342,13700,909,38,1,2
"Brown & Brown, Inc. (BRO)",thestockhub,6947244459490921733,78000,2271,74,6,1
"Brown & Brown, Inc. (BRO)",markettrader_official,6947392861042167046,278800,4829,708,23,7
"CANNABIX TECHNOLOGIES INC (BLOZF)
Word Searched: can t",greentradesonly,6946317342586440965,21800,1220,32,9,2
"CANNABIX TECHNOLOGIES INC (BLOZF)
Word Searched: can t",investing_with_mike,6946702230124973317,77100,723,34,5,0
"CBAK Energy Technology, Inc. (CBAT)",stockvip,6926323575376858373,178700,91300,5670,266,645
"CBOE S&P 500 Risk Reversal Inde (^RXM)
Word Searched: Reversal",sky_trades,6947438593736559878,81400,2977,110,14,5
"CBOE S&P 500 Risk Reversal Inde (^RXM)
Word Searched: reversal",sky_trades,6947438593736559878,81400,2977,110,14,5
"CBOE Volatility Index (^VIX)
Word Searched: Volatility",rudaman,6945929212272479494,3696,300,25,2,4
"CBOEO EX implied Volatility (^VXO)
Word Searched: Implied",rudaman,6945929212272479494,3696,300,25,2,4
"CD PROJEKT SA CD PROJECT ORD SH (0LX1.IL)
Word Searched: project",simplyinvesting,6947162066012704005,2932,374,4,1,0
"CHARLIES HOLDINGS INC (CHUC)
Word Searched: Charli",stockstv,6896942242049674501,2373,634,15,4,0
"CHINA EASTERN AIRLINES CORP (CHEAF)
Word Searched: cheap",spacs.ai,6932620674951384326,28000,3206,130,36,41
"CIBC Balanced Passive Portfolio (0P0001B685.TO)
Word Searched: PASSIVE",fourtoeight,6945936407730932998,1100000,95100,14600,94,304
"COCA COLA BOTTLERS JAPAN INC (CCOJY)
Word Searched: bottle",assetentities,6946670694289706245,517800,31100,2849,68,18
"CRAZY WOMAN CREEK BANCORP INC (CRZY)
Word Searched: CRAZY",simplyinvesting,6947162066012704005,2932,374,4,1,0
"CRAZY WOMAN CREEK BANCORP INC (CRZY)
Word Searched: crazy",hustlyinvest.com,6947325600944098565,55600,3021,424,8,3
"CREATING ALPHA-GERM.CH.EO (2IM1.MU)
Word Searched: Creating",finance_tiktok,6923281503979916550,21700,3855,37,4,0
"CREATIVE LEARNING CORP (CLCN)
Word Searched: learning",rudaman,6945929212272479494,3696,300,25,2,4
"CRESCO LABS INC (CRLBF)
Word Searched: Cresco",highleyinvested,6946908526124092677,38700,902,76,1,1
"CRYPTOSTAR CORP (CSTR.V)
Word Searched: CRYPTO",realjaypelle,6942936718630751493,56000,12000,411,120,22
"CRYPTOSTAR CORP (CSTR.V)
Word Searched: Crypto",gavin_mayo,6947405247862131973,252000,1573,71,16,5
"CSA Cosmic (083660.KQ)
Word Searched: cosmic",flash.trades,6946441263553973510,2267,43,4,0,0
"CURALEAF HOLDINGS  INC (CURLF)
Word Searched: Curaleaf",highleyinvested,6946908526124092677,38700,902,76,1,1
"Campbell Soup Company (CPB)
Word Searched: Cam s",noremacnewelltrading,6946685511566134533,38400,2876,99,11,3
"Canada Goose Holdings Inc. Subo (GOOS)
Word Searched: Goose",assetarmy,6947379089695051014,80600,5384,427,50,38
"Canadian Dollars WCO (^XDC)
Word Searched: dollars",hustlyinvest.com,6947325600944098565,55600,3021,424,8,3
"Canoo Inc. (GOEV)
Word Searched: goes",finance_tiktok,6923281503979916550,21700,3855,37,4,0
"Canoo Inc. (GOEV)
Word Searched: goes",rudaman,6945929212272479494,3696,300,25,2,4
Capstone Therapeutics Corp. (CAPS),stockrogue,6932552320605605125,42400,3620,91,16,2
"CarParts.com, Inc. (PRTS)
Word Searched: Puts",butimnotatrader,6947438856656424197,41500,410,16,7,0
"Carver Bancorp, Inc. (CARV)",nitrotrades,6947143215032110342,13700,909,38,1,2
"Cash-settled Butter Futures,May (CB=F)
Word Searched: But",assetentities,6946670694289706245,517800,31100,2849,68,18
"Castor Maritime Inc. (CTRM)
Word Searched: CTRO",stocktrickswithnick,6947358865545547013,35500,3371,143,16,25
"Catalyst Insider Buying Fd Cl A (INSAX)
Word Searched: BUYING",ceowatchlist,6946745570920860934,521900,17700,416,40,15
"Catalyst Insider Buying Fd Cl A (INSAX)
Word Searched: BUYING",sodapreneur,6937789671447612678,7185,6323,235,31,63
"Catalyst Insider Buying Fd Cl A (INSAX)
Word Searched: BUYING",erikbotoss,6941779137254280453,4330,6428,143,62,12
"Catalyst Insider Buying Fd Cl A (INSAX)
Word Searched: INSIDER",sodapreneur,6937789671447612678,7185,6323,235,31,63
"Catalyst Insider Buying Fd Cl A (INSAX)
Word Searched: buying",stocksfeed,6943349892844768518,72100,5363,236,41,6
"Catalyst Insider Buying Fd Cl A (INSAX)
Word Searched: buying",stocksfix,6934401350012800261,4949,2824,55,10,1
"Catalyst Insider Buying Fd Cl A (INSAX)
Word Searched: buying",notkamel,6945941658466848006,26000,93100,7344,109,514
"Cellectis S.A. (CLLS)
Word Searched: CELLS",sodapreneur,6937789671447612678,7185,6323,235,31,63
"Cellectis S.A. (CLLS)
Word Searched: Calls",rudaman,6945929212272479494,3696,300,25,2,4
Central Garden & Pet Company (CENT),gavin_mayo,6947405247862131973,252000,1573,71,16,5
"Centre American Select Equity F (DHANX)
Word Searched: Thanx",llamas1115,6940026359137766662,798,194,6,10,2
"Chainlink USD (LINK-USD)
Word Searched: chain",gavin_mayo,6947405247862131973,252000,1573,71,16,5
"Chewy, Inc. (CHWY)",beermonies_trading,6934871830276607237,2326,334,32,0,1
"Chicago SRW Wheat Futures,May-2 (ZW=F)
Word Searched: Chicago",hustlyinvest.com,6947325600944098565,55600,3021,424,8,3
Churchill Capital Corp IV (CCIV),stockvip,6926323575376858373,178700,91300,5670,266,645
Churchill Capital Corp IV (CCIV),launchpadstocks,6934782697302756614,1791,247,7,2,1
"Clovis Oncology, Inc. (CLVS)",vinstock,6946663444439371014,44100,2059,152,24,9
"Cogent Biosciences, Inc. (COGT)",beermonies_trading,6934871830276607237,2326,334,32,0,1
Coinbase Class A (COIN),simplyinvesting,6947162066012704005,2932,374,4,1,0
"CompoundCoin USD (COMP1-USD)
Word Searched: Compound",luxuryequities,6947473766821711110,267400,1391,88,7,2
"CompoundCoin USD (COMP1-USD)
Word Searched: compound",spacs.ai,6932620674951384326,28000,3206,130,36,41
"Cornerstone Total Return Fund,  (CRF)
Word Searched: Return",benbraveoak,6942598330513902854,13700,16200,514,48,33
"Corsair Gaming, Inc. (CRSR)",nickcomizio,6945988629625883910,3797,6932,188,29,51
"Corsair Gaming, Inc. (CRSR)
Word Searched: Gaming",nickcomizio,6945988629625883910,3797,6932,188,29,51
"Corsair Gaming, Inc. (CRSR)
Word Searched: gaming",theonlynaklas,6945617160127483141,86400,6753,672,17,50
"Costco Wholesale Corporation (COST)
Word Searched: costs",flextrading,6944888935579520262,4095,5046,177,11,25
"Coursera, Inc. (COUR)
Word Searched: hour",vinstock,6946663444439371014,44100,2059,152,24,9
"Credit Suisse Silver Shares Cov (SLVO)
Word Searched: SHARES",erikbotoss,6941779137254280453,4330,6428,143,62,12
"Credit Suisse Silver Shares Cov (SLVO)
Word Searched: shares",launchpadstocks,6934782697302756614,1791,247,7,2,1
"Cronos Group Inc. Common Share (CRON)
Word Searched: SHARE",fourtoeight,6945936407730932998,1100000,95100,14600,94,304
"DB Gold Short ETN due February  (DGZ)
Word Searched: February",stockvip,6926323575376858373,178700,91300,5670,266,645
"DENTSPLY SIRONA Inc. (XRAY)
Word Searched: X Ray",bugs.money,6947485537997540614,4018,1,1,0,0
"DONGHUA TESTING TE (300354.SZ)
Word Searched: DON T",fourtoeight,6945936407730932998,1100000,95100,14600,94,304
"DONGHUA TESTING TE (300354.SZ)
Word Searched: don t",stockmarket_507,6934532298616360198,4651,2003,53,6,8
"Dave & Buster's Entertainment,  (PLAY)
Word Searched: Plays",thestockexperience,6935440626443980038,16700,22800,1025,34,198
"Dave & Buster's Entertainment,  (PLAY)
Word Searched: plays",flextrading,6944888935579520262,4095,5046,177,11,25
"Dave & Buster's Entertainment,  (PLAY)
Word Searched: plays",vinstock,6946663444439371014,44100,2059,152,24,9
"Dave & Buster's Entertainment, Inc. (PLAY)",stocks_journey,6946317791456775429,832,244,6,1,0
"Delta Air Lines, Inc. (DAL)
Word Searched: DELTA",titotrades,6947303779263991046,52800,1832,165,9,10
"Democrasoft Holdings, Inc. (DEMO)",bugs.money,6947485537997540614,4018,1,1,0,0
"Desktop Metal, Inc. (DM)",notkamel,6945941658466848006,26000,93100,7344,109,514
"Dick's Sporting Goods Inc (DKS)
Word Searched: sporting",mok.investments,6943426477228576005,4465,401,10,4,0
Direxion Daily Cnsmr Staples Bull 3XShrs (NEED),llamas1115,6940026359137766662,798,194,6,10,2
Direxion Daily Healthcare Bull 3X Shares (CURE),sodapreneur,6937789671447612678,7185,6323,235,31,63
Direxion Daily S&P Biotech Bear 1X ETF (LABS),highleyinvested,6946908526124092677,38700,902,76,1,1
"Direxion Daily Semiconductor Bu (SOXL)
Word Searched: daily",stockstv,6896942242049674501,2373,634,15,4,0
Direxion Moonshot Innovators ETF (MOON),investodaily,6947389242507087109,13600,179,13,2,2
Direxion Moonshot Innovators ETF (MOON),stockmarkethacks,6938802589395913989,5803,2232,112,3,6
"Distribusi Voucher Nusantara Tb (DIVA.JK)
Word Searched: Voucher",stockswithjack,6946011946164505858,17800,5557,560,35,4
"DocuSign, Inc. (DOCU)",beermonies_trading,6934871830276607237,2326,334,32,0,1
"Dodge & Cox Stock Fund (DODGX)
Word Searched: DODGE",themarketplays,6922971295789403398,2549,740,23,6,1
"Domino's Pizza Inc (DPZ)
Word Searched: DOMINO",hustlyinvest.com,6947325600944098565,55600,3021,424,8,3
"Domino's Pizza Inc (DPZ)
Word Searched: PizZa",stocktok16,6940295230285548806,3648,1787,108,12,2
"DoorDash, Inc. (DASH)
Word Searched: HASH",gd_investments,6947434915092794629,248600,1437,98,8,1
"Dow Jones Industrial Average (^DJI)
Word Searched: do",hustlyinvest.com,6947325600944098565,55600,3021,424,8,3
DraftKings Inc. (DKNG),stockvip,6926323575376858373,178700,91300,5670,266,645
DraftKings Inc. (DKNG),mok.investments,6943426477228576005,4465,401,10,4,0
"Dynatronics Corporation (DYNT)
Word Searched: dont",lifeofcarlos0,6923009819561479430,1379,920,46,10,4
"Dynatronics Corporation (DYNT)
Word Searched: dont",thekidinvestor,6947152570083265798,48100,2259,111,8,8
"Dynatronics Corporation (DYNT)
Word Searched: dont",markettrader_official,6947392861042167046,278800,4829,708,23,7
"EHOSE (EHOSE)
Word Searched: those",markettrader_official,6947392861042167046,278800,4829,708,23,7
EHang Holdings Limited (EH),gd_investments,6947434915092794629,248600,1437,98,8,1
"EMERGE ARK AI & BIG DATA ETF (EAAI.NE)
Word Searched: AR AI",bullsofwallstreet,6947069757447294214,23600,2579,44,3,1
"ENTERRA CORP NEW (ETER)
Word Searched: PETER",marketafterhours,6945403619831336198,6058,494,21,3,4
ETFMG Prime Cyber Security ETF (HACK),fourtoeight,6945936407730932998,1100000,95100,14600,94,304
"ETFMG Prime Cyber Security ETF (HACK)
Word Searched: HACKS",fourtoeight,6945936407730932998,1100000,95100,14600,94,304
"EVCI CAREER COLLEGES INCORPORAT (EVCI)
Word Searched: COLLEGE",fourtoeight,6945936407730932998,1100000,95100,14600,94,304
"EXANTE Altcoin Cryptocurrency I (^XAI)
Word Searched: CRYPTOCURRENCY",marketmartians,6945424684720655621,8264,2445,29,2,1
"EXANTE Altcoin Cryptocurrency I (^XAI)
Word Searched: Cryptocurrency",bullishbetter,6947283073960578310,50800,578700,14500,777,3694
"EXANTE Altcoin Cryptocurrency I (^XAI)
Word Searched: cryptocurrency",stocktalkk,6947465594002279686,1897,19,3,0,0
"EXPERIAN PLC ORD USD0.10 (EXPN.L)
Word Searched: Experian",77trades,6947418348393188613,40300,406,56,0,8
Eagle Materials Inc. (EXP),stockswallet,6947044408890051845,19400,6376,260,20,35
Eagle Materials Inc. (EXP),butimnotatrader,6947438856656424197,41500,410,16,7,0
"Easterly Government Properties, (DEA)
Word Searched: EASTER",zhangsta,6946322388954975493,118000,4819,140,6,1
Echelon Corporation (ELON),stockvip,6926323575376858373,178700,91300,5670,266,645
Echelon Corporation (ELON),bullishbetter,6947283073960578310,50800,578700,14500,777,3694
Echelon Corporation (ELON),mikesintact,6943743306543189254,33700,4219,558,25,36
Echelon Corporation (ELON),llamas1115,6940026359137766662,798,194,6,10,2
"Electrameccanica Vehicles Corp. (SOLO)
Word Searched: vehicles",alcidesvla,6946533625600937222,12800,4373,117,28,5
"Electrameccanica Vehicles Corp. (SOLO)
Word Searched: vehicles",stocktok16,6940295230285548806,3648,1787,108,12,2
"Energy Transfer LP (ET)
Word Searched: EV",stockvip,6926323575376858373,178700,91300,5670,266,645
"Energy Transfer LP (ET)
Word Searched: yet",investwithruss,6947314550253423878,96000,4520,214,16,6
Entera Bio Ltd. (ENTX),stockmarkethacks,6938802589395913989,5803,2232,112,3,6
"Enveric Biosciences, Inc. (ENVB)",stockmarkethacks,6938802589395913989,5803,2232,112,3,6
"Equifax, Inc. (EFX)
Word Searched: Equifax",77trades,6947418348393188613,40300,406,56,0,8
EquityCompass Tactical Risk Manager ETF (TERM),stockshub,6930999772882980102,82900,4069,122,16,2
"Esperion Therapeutics, Inc. (ESPR)
Word Searched: ESPN",theonlynaklas,6945617160127483141,86400,6753,672,17,50
"Ethereum USD (ETH-USD)
Word Searched: ETHEREUM",kasrastocks,6939916239536016645,13700,2276,57,6,19
"Ethereum USD (ETH-USD)
Word Searched: Ethereum",coincapital,6947140567033810181,3567,229,11,0,1
"Eventbrite, Inc. (EB)
Word Searched: event",mok.investments,6943426477228576005,4465,401,10,4,0
"EverQuote, Inc. (EVER)",thelaptoplegend,6934173585376431365,128800,8028,516,26,8
"Exchange Traded Concepts Trust  (ROBO)
Word Searched: e trade",spacs.ai,6932620674951384326,28000,3206,130,36,41
"Extended Stay America, Inc. (STAY)",stockrogue,6932552320605605125,42400,3620,91,16,2
"FEDERAL NATIONAL MORTGAGE ASSOC (FNMA)
Word Searched: mortgage",thebuyinking,6940646927092452614,535900,99700,8691,169,198
"FLOW TRADERS (FLOW.AS)
Word Searched: Traders",gavin_mayo,6947405247862131973,252000,1573,71,16,5
"FLOW TRADERS (FLOW.AS)
Word Searched: trader",slater_trades,6946589132017716486,32100,1316,23,0,0
"FT 8164: Equity Closed-End Port (FWDUCX)
Word Searched: closed",chris.stocks,6947338160393276677,79300,4067,398,3,2
"Facebook, Inc. (FB)",stockmarketuniversity,6947154753776340229,3021,2817,67,4,5
"Facebook, Inc. (FB)
Word Searched: Facebook",stockmarketuniversity,6947154753776340229,3021,2817,67,4,5
"Fate Therapeutics, Inc. (FATE)
Word Searched: Fake",slater_trades,6946589132017716486,32100,1316,23,0,0
"FedEx Corporation (FDX)
Word Searched: FDA",bugs.money,6947485537997540614,4018,1,1,0,0
"Financial Institutions, Inc. (FISI)
Word Searched: INSTITUTIONS",sodapreneur,6937789671447612678,7185,6323,235,31,63
"First Horizon Corporation (FHN)
Word Searched: FHA",fourtoeight,6945936407730932998,1100000,95100,14600,94,304
"First Trust NASDAQ Clean Edge G (QCLN)
Word Searched: FIRST",moderninvestor_,6930698535088229633,8312,4170,166,17,3
Fisker Inc. (FSR),trendstocks,6933624364407475462,1137,1247,8,2,0
"Fisker Inc. (FSR)
Word Searched: FISKER",trendstocks,6933624364407475462,1137,1247,8,2,0
"Fonterra Shareholders' Fund Uni (FSF.NZ)
Word Searched: shareholders",realstockmarket,6921738093380898053,3045,2010,58,5,4
"Footprints Discover Value Fund (DVALX)
Word Searched: footprint",highleyinvested,6946908526124092677,38700,902,76,1,1
Forestar Group Inc. (FOR),stockvip,6926323575376858373,178700,91300,5670,266,645
Forestar Group Inc. (FOR),stockshub,6930999772882980102,82900,4069,122,16,2
"Forum Merger III Corporation (FIII)
Word Searched: Merger",stockvip,6926323575376858373,178700,91300,5670,266,645
"Franklin Managed Trust Rising D (FRDPX)
Word Searched: Rising",thediamondhandz,6947036509602188550,52600,3368,49,13,3
"Full House Resorts, Inc. (FLL)
Word Searched: House",hustlyinvest.com,6947325600944098565,55600,3021,424,8,3
"GLOBAL FOOD CREATORS CO (7559.T)
Word Searched: Creators",investwithruss,6947314550253423878,96000,4520,214,16,6
"GNYS (GNYS)
Word Searched: guys",tikstockkam,6945816041104608518,8289,2658,53,19,1
"GREEN EFFECTS NAI-WERTE (1GZA.HM)
Word Searched: EFFECTS",hustlyinvest.com,6947325600944098565,55600,3021,424,8,3
"GREEN THUMB INDUSTRIES INC (GTBIF)
Word Searched: Thumb",highleyinvested,6946908526124092677,38700,902,76,1,1
GameStop Corp. (GME),oscarwulfff,6935241744531590406,8162,32800,1874,66,529
GameStop Corp. (GME),apexoptionstrading,6922275199069031686,1408,3043,20,5,2
GameStop Corp. (GME),brunopamfilio,6933008593000156422,1292,3082,177,37,6
"GameStop Corporation (GME)
Word Searched: GameStop",thelaptoplegend,6934173585376431365,128800,8028,516,26,8
"GameStop Corporation (GME)
Word Searched: Gamestop",finance_tiktok,6923281503979916550,21700,3855,37,4,0
"Gartner, Inc. (IT)",lifeofcarlos0,6923009819561479430,1379,920,46,10,4
"Gartner, Inc. (IT)",llamas1115,6940026359137766662,798,194,6,10,2
General Electric Company (GE),alertscapital,6947437663062396165,9998,2658,28,7,10
"General Electric Company (GE)
Word Searched: company",realstockmarket,6921738093380898053,3045,2010,58,5,4
"Gladstone Investment Corporatio (GAIN)
Word Searched: GAINS",gd_investments,6947434915092794629,248600,1437,98,8,1
Gladstone Investment Corporation (GAIN),bagchaser1337,6923719966386687237,4018,1097,62,14,22
Gladstone Investment Corporation (GAIN),mr.ctrader,6922996055881665797,5478,7078,144,14,5
"Global X Conscious Companies ET (KRMA)
Word Searched: Karma",theonlynaklas,6945617160127483141,86400,6753,672,17,50
"Global X E-commerce ETF (EBIZ)
Word Searched: e commerce",theonlynaklas,6945617160127483141,86400,6753,672,17,50
"Global X Funds Global X U.S. In (PAVE)
Word Searched: FUNDS",stockmarketuniversity,6947154753776340229,3021,2817,67,4,5
"Global X Funds Global X U.S. In (PAVE)
Word Searched: Funds",stockplace,6922526773443857666,11600,1327,17,7,1
"Global X Funds Global X U.S. In (PAVE)
Word Searched: Funds",brunopamfilio,6933008593000156422,1292,3082,177,37,6
"Global X Funds Global X U.S. In (PAVE)
Word Searched: Funds",investwithruss,6947314550253423878,96000,4520,214,16,6
"Global X Robotics & Artificial  (BOTZ)
Word Searched: robotic",theonlynaklas,6945617160127483141,86400,6753,672,17,50
"Global X Video Games & Esports  (HERO)
Word Searched: Here",moneylinemark,6946280161658588421,719500,52100,3801,86,61
"GraniteShares HIPS US High Inco (HIPS)
Word Searched: Chips",notkamel,6945941658466848006,26000,93100,7344,109,514
"GraniteShares HIPS US High Inco (HIPS)
Word Searched: chips",theonlynaklas,6945617160127483141,86400,6753,672,17,50
Green Plains Inc. (GPRE),stocktrickswithnick,6947358865545547013,35500,3371,143,16,25
Grocery Outlet Holding Corp. (GO),gavin_mayo,6947405247862131973,252000,1573,71,16,5
"H&E Equipment Services, Inc. (HEES)
Word Searched: Heres",llamas1115,6940026359137766662,798,194,6,10,2
"HEALTHIER CHOICES MANAGEMENT CO (HCMC)
Word Searched: choice",markettrader_official,6947392861042167046,278800,4829,708,23,7
"HIGH TIDE INC (HITIF)
Word Searched: HIGH",hustlyinvest.com,6947325600944098565,55600,3021,424,8,3
"HIGH TIDE INC (HITIF)
Word Searched: high",spacs.ai,6932620674951384326,28000,3206,130,36,41
HIVE Blockchain Technologies Ltd. (HVBTF),coincapital,6947140567033810181,3567,229,11,0,1
"Hasbro, Inc. (HAS)",bullishbetter,6947283073960578310,50800,578700,14500,777,3694
"Hasbro, Inc. (HAS)",theoptionlab,6935499890038541573,2185,1459,26,8,3
"Hasbro, Inc. (HAS)",theonlynaklas,6945617160127483141,86400,6753,672,17,50
"Healthpeak Properties, Inc. (PEAK)",sodapreneur,6937789671447612678,7185,6323,235,31,63
"Hewlett Packard Enterprise Comp (HPE)
Word Searched: hype",coletrades,6939292324946119941,3516,1622,18,14,0
Hut 8 Mining Corp. (HUTMF),nickcomizio,6945988629625883910,3797,6932,188,29,51
Hut 8 Mining Corp. (HUTWF),coincapital,6947140567033810181,3567,229,11,0,1
ICICI Bank Limited (IBN),itsali88,6947484869287021829,1458,14,2,0,0
"INDIGO BOOKS & MUSIC INC. (IDG.TO)
Word Searched: Books",ashton_noland,6947402673243147526,78300,4414,370,13,72
"INFORMATION ANALYSIS INC (IAIC)
Word Searched: ANALYSIS",kasrastocks,6939916239536016645,13700,2276,57,6,19
"INFORMATION ANALYSIS INC (IAIC)
Word Searched: Analysis",vinstock,6946663444439371014,44100,2059,152,24,9
"INLAND PRINTERS LTD. (INLANPR.BO)
Word Searched: Printer",notkamel,6945941658466848006,26000,93100,7344,109,514
"INLAND PRINTERS LTD. (INLANPR.BO)
Word Searched: Printers",notkamel,6945941658466848006,26000,93100,7344,109,514
"INNOVISION FLEXTECH CORPORATION (6673.TWO)
Word Searched: Innovis",77trades,6947418348393188613,40300,406,56,0,8
"INTEGRATED VENTURES INC (INTV)
Word Searched: I ve",simplyinvesting,6947162066012704005,2932,374,4,1,0
"INTEGRATED VENTURES INC (INTV)
Word Searched: I ve",austinhankwitz,6946680853879688454,482000,37100,3243,74,209
"INVENT VENTURES INC (IDEA)
Word Searched: IDEAS",marketmartians,6945424684720655621,8264,2445,29,2,1
"INVENT VENTURES INC (IDEA)
Word Searched: IDEAS",tradelikegates,6947459139970895110,28900,1291,63,7,8
"ISHARES IV PLC ELECTRIC VEHICLE (ISELF)
Word Searched: itself",luxuryequities,6947473766821711110,267400,1391,88,7,2
"Illinois Tool Works Inc. (ITW)
Word Searched: Illinois",highleyinvested,6946908526124092677,38700,902,76,1,1
"Income Collecting 1-3 Months T- (GOVTX)
Word Searched: MONTHS",flashofstocks,6945853037709724933,11600,7930,706,56,127
"Income Collecting 1-3 Months T- (USABX)
Word Searched: Months",austinhankwitz,6946680853879688454,482000,37100,3243,74,209
"Innovator IBD Breakout Opportun (BOUT)
Word Searched: BREAKOUT",stocktrickswithnick,6947358865545547013,35500,3371,143,16,25
"Inovio Pharmaceuticals, Inc. (INO)
Word Searched: pharmaceutical",sodapreneur,6937789671447612678,7185,6323,235,31,63
"Interlink Electronics, Inc. (LINK)",mikeoptions,6946596918151613702,7231,567,28,4,1
"Interlink Electronics, Inc. (LINK)",optionscapital,6940077432586194182,17300,1364,38,2,2
"International Business Machines (IBM)
Word Searched: I m",assetorg,6942909803459038470,128500,6418,559,31,11
"International Business Machines (IBM)
Word Searched: I m",alcidesvla,6946533625600937222,12800,4373,117,28,5
"International Business Machines (IBM)
Word Searched: i m",stocksfix,6934401350012800261,4949,2824,55,10,1
"Intuitive Surgical, Inc. (ISRG)",theonlynaklas,6945617160127483141,86400,6753,672,17,50
"Invesco KBW Premium Yield Equit (KBWY)
Word Searched: premium",flextrading,6944888935579520262,4095,5046,177,11,25
"InvestEd 90 Portfolio (WAGPX)
Word Searched: INVESTED",sodapreneur,6937789671447612678,7185,6323,235,31,63
"Ishares MSCI Germany Small Cap  (EWGS)
Word Searched: Germany s",stockswallet,6947044408890051845,19400,6376,260,20,35
"KNOW LABS INC (KNWN)
Word Searched: Known",finance_tiktok,6923281503979916550,21700,3855,37,4,0
Kellogg Company (K),thestockexperience,6935440626443980038,16700,22800,1025,34,198
Kellogg Company (K),coletrades,6939292324946119941,3516,1622,18,14,0
Kellogg Company (K),realjaypelle,6942936718630751493,56000,12000,411,120,22
Kellogg Company (K),jefethestockguru,6946693151360961797,25000,392,12,2,0
"KeyCorp (KEY)
Word Searched: Hey",markettrader_official,6947392861042167046,278800,4829,708,23,7
"Kingsoft Cloud Holdings Limited (KC)
Word Searched: Kings",mok.investments,6943426477228576005,4465,401,10,4,0
"L&G LONGER DATED ALL COMM UCITS (COMF.MI)
Word Searched: LONGER",moderninvestor_,6930698535088229633,8312,4170,166,17,3
"LEGEND OIL & GAS LTD (LOGL)
Word Searched: Logal",investwithruss,6947314550253423878,96000,4520,214,16,6
"LUCKY FRIDAY EXTENSION MINE (LFEX)
Word Searched: friday",visaltrades,6945437295239630086,2597,503,9,2,0
"LUXID (LUXID)
Word Searched: Lucid",stockvip,6926323575376858373,178700,91300,5670,266,645
"Level One Bancorp, Inc. (LEVL)
Word Searched: Level",gd_investments,6947434915092794629,248600,1437,98,8,1
Liquid Media Group Ltd. (YVR),tikstockkam,6945816041104608518,8289,2658,53,19,1
"Loncar Cancer Immunotherapy ETF (CNCR)
Word Searched: CANCER",sodapreneur,6937789671447612678,7185,6323,235,31,63
"Lordstown Motors Corp. (RIDE)
Word Searched: Motors",stockvip,6926323575376858373,178700,91300,5670,266,645
"Lowe's Companies, Inc. (LOW)",spacs.ai,6932620674951384326,28000,3206,130,36,41
"Lowe's Companies, Inc. (LOW)
Word Searched: HOW",fourtoeight,6945936407730932998,1100000,95100,14600,94,304
"Lumentum Holdings Inc. (LITE)
Word Searched: like",stockstv,6896942242049674501,2373,634,15,4,0
"MAD/EUR (MADEUR=X)
Word Searched: MADE",milehighmoney,6942587961620090117,18600,1457,34,1,2
"MAD/EUR (MADEUR=X)
Word Searched: made",vinstock,6946663444439371014,44100,2059,152,24,9
"MAKEPEACE AD CO (MAKE)
Word Searched: makes",luxuryequities,6947473766821711110,267400,1391,88,7,2
"MAWI+S REMEMBER INVERSIONE SICA (S3669.MC)
Word Searched: Remember",stockrogue,6932552320605605125,42400,3620,91,16,2
"MILLIONAIRE PROPERTY FUND (MIPF.BK)
Word Searched: MILLIONAIRE",fourtoeight,6945936407730932998,1100000,95100,14600,94,304
"MILLIONAIRE PROPERTY FUND (MIPF.BK)
Word Searched: Million",mr.investr,6946994794778381573,79600,28600,1091,122,301
"MILLIONAIRE PROPERTY FUND (MIPF.BK)
Word Searched: Millionaire",surgeyyyy,6929638914747632901,282700,151200,20100,938,102
"MILLIONAIRE PROPERTY FUND (MIPF.BK)
Word Searched: millionaire",quicktrades,6947113839875968262,32700,1488,42,11,5
"MONDI PLC (MONDY)
Word Searched: MONDAY",donotrade,6947467679464770822,33600,50,2,0,0
"MONDI PLC (MONDY)
Word Searched: Monday",sky_trades,6947438593736559878,81400,2977,110,14,5
"MONDI PLC (MONDY)
Word Searched: Monday",stocksfix,6934401350012800261,4949,2824,55,10,1
"MONDI PLC (MONDY)
Word Searched: Monday",mi_lion_king,6947338637126241541,5595,4683,87,16,17
"MONDI PLC (MONDY)
Word Searched: Monday",alertscapital,6947437663062396165,9998,2658,28,7,10
"MONDI PLC (MONDY)
Word Searched: monday",coletrades,6939292324946119941,3516,1622,18,14,0
"MP Materials Corp. (MP)
Word Searched: up",financewithfriends,6875098372445883654,3535,1189,10,0,1
"MP Materials Corp. (MP)
Word Searched: up",rudaman,6945929212272479494,3696,300,25,2,4
"MP Materials Corp. (MP)
Word Searched: up",hustlyinvest.com,6947325600944098565,55600,3021,424,8,3
"MYM Future JUN 2021 Trading Ses (MYM=F)
Word Searched: TRADING",sodapreneur,6937789671447612678,7185,6323,235,31,63
"MYM Future JUN 2021 Trading Ses (MYM=F)
Word Searched: Trading",gavin_mayo,6947405247862131973,252000,1573,71,16,5
"MYM Future JUN 2021 Trading Ses (MYM=F)
Word Searched: Trading",noremacnewelltrading,6946685511566134533,38400,2876,99,11,3
"MYM Future JUN 2021 Trading Ses (MYM=F)
Word Searched: trading",stockstobuy,6947476936486571269,44900,66,0,0,0
"MYM Future JUN 2021 Trading Ses (MYM=F)
Word Searched: trading",greentradesonly,6946317342586440965,21800,1220,32,9,2
"MYM Future JUN 2021 Trading Ses (MYM=F)
Word Searched: trading",stock_catalyst,6935588755646532870,1785,704,42,1,7
"Macy's, Inc. (M)",highleyinvested,6946908526124092677,38700,902,76,1,1
"Macy's, Inc. (M)",gavin_mayo,6947405247862131973,252000,1573,71,16,5
"Man GLG Undervalued Assets Fund (0P0001038I.L)
Word Searched: UNDERVALUED",wallstreet.man,6918393271152610566,13100,684000,55300,1010,5200
"Manhattan Bridge Capital, Inc. (LOAN)",fourtoeight,6945936407730932998,1100000,95100,14600,94,304
"Marathon Digital Holdings, Inc. (MARA)",gd_investments,6947434915092794629,248600,1437,98,8,1
"Marathon Digital Holdings, Inc. (MARA)",nickcomizio,6945988629625883910,3797,6932,188,29,51
"Merlyn.AI SectorSurfer Momentum (DUDE)
Word Searched: Sectors",nickcomizio,6945988629625883910,3797,6932,188,29,51
"Merrill Lynch Depositor Inc PPl (PYS)
Word Searched: LYNCH",marketafterhours,6945403619831336198,6058,494,21,3,4
"Metromile, Inc. (MILE)
Word Searched: Metro",stockswallet,6947044408890051845,19400,6376,260,20,35
Microsoft Corporation (MSFT),hccapital,6945819763641765125,46500,3020,136,23,4
Microsoft Corporation (MSFT),tradelikegates,6947459139970895110,28900,1291,63,7,8
Microsoft Corporation (MSFT),stockmarketuniversity,6947154753776340229,3021,2817,67,4,5
"Moneygram International, Inc. (MGI)
Word Searched: money",sodapreneur,6937789671447612678,7185,6323,235,31,63
"Monogram Residential Trust, Inc (MORE)",investing_with_mike,6946702230124973317,77100,723,34,5,0
"Monogram Residential Trust, Inc (MORE)",letstalkinvesting,6943371380687768837,107000,6534,394,13,46
"Monster Beverage Corporation (MNST)
Word Searched: Monster",stockvip,6926323575376858373,178700,91300,5670,266,645
"Movano Inc. (MOVE)
Word Searched: moves",mok.investments,6943426477228576005,4465,401,10,4,0
"Murphy USA Inc. (MUSA)
Word Searched: MUSK",bullishbetter,6947283073960578310,50800,578700,14500,777,3694
"Murphy USA Inc. (MUSA)
Word Searched: Musk",stockvip,6926323575376858373,178700,91300,5670,266,645
"Murphy USA Inc. (MUSA)
Word Searched: Musk",mikesintact,6943743306543189254,33700,4219,558,25,36
"NAN REN LAKE LEISURE AMUSEMENT  (5905.TWO)
Word Searched: amusement",theonlynaklas,6945617160127483141,86400,6753,672,17,50
"NASDAQ Composite (^IXIC)
Word Searched: Nasdaq com",brotherhood.finance,6945275984799173894,14700,585,49,16,14
"NIGHTFOOD HLDGS INC (NGTF)
Word Searched: night",hustlyinvest.com,6947325600944098565,55600,3021,424,8,3
NIO Limited (NIO),stockswallet,6947044408890051845,19400,6376,260,20,35
NIO Limited (NIO),stockvip,6926323575376858373,178700,91300,5670,266,645
NIO Limited (NIO),stockshub,6930999772882980102,82900,4069,122,16,2
NIO Limited (NIO),hccapital,6945819763641765125,46500,3020,136,23,4
NIO Limited (NIO),alcidesvla,6946533625600937222,12800,4373,117,28,5
NIO Limited (NIO),notkamel,6945941658466848006,26000,93100,7344,109,514
NVIDIA Corporation (NVDA),hccapital,6945819763641765125,46500,3020,136,23,4
"Naked Brand Group Limited (NAKD)
Word Searched: NAND",notkamel,6945941658466848006,26000,93100,7344,109,514
Nano Dimension Ltd. (NNDM),stockrogue,6932552320605605125,42400,3620,91,16,2
Nano-X Imaging Ltd. (NNOX),mikeoptions,6946596918151613702,7231,567,28,4,1
Nano-X Imaging Ltd. (NNOX),bugs.money,6947485537997540614,4018,1,1,0,0
"Nasdaq US Industrial Suppliers  (^NQUSB50205010LMN)
Word Searched: supplier",theonlynaklas,6945617160127483141,86400,6753,672,17,50
"Nautilus, Inc. (NLS)",stockswings,6940030483480759557,61400,6028,169,36,9
Neptune Digital Assets Corp. (NPPTF),coincapital,6947140567033810181,3567,229,11,0,1
"Netflix, Inc. (NFLX)",hccapital,6945819763641765125,46500,3020,136,23,4
"New Beginnings Acquisition Corp (NBA)
Word Searched: beginning",theoptionlab,6935499890038541573,2185,1459,26,8,3
New Beginnings Acquisition Corp. (NBA),mok.investments,6943426477228576005,4465,401,10,4,0
"New Oriental Education & Techno (EDU)
Word Searched: education",highleyinvested,6946908526124092677,38700,902,76,1,1
"New York Times Company (The) (NYT)
Word Searched: TIMES",milehightrading,6946345435082558726,174600,13500,292,48,3
"Nicholas Limited Edition, Inc.  (NCLEX)
Word Searched: Edition",bullsofwallstreet,6947069757447294214,23600,2579,44,3,1
"Nokia Corporation Sponsored (NOK)
Word Searched: NOT",big_money_investments,6929197438192372997,41800,8388,266,37,22
"Nokia Corporation Sponsored (NOK)
Word Searched: Not",oscarwulfff,6935241744531590406,8162,32800,1874,66,529
"Nokia Corporation Sponsored (NOK)
Word Searched: Not",moderninvestor_,6930698535088229633,8312,4170,166,17,3
"Nokia Corporation Sponsored (NOK)
Word Searched: not",thebuyinking,6940646927092452614,535900,99700,8691,169,198
"North European Hot-Rolled Coil  (EHR=F)
Word Searched: Europe",stockswallet,6947044408890051845,19400,6376,260,20,35
"O=F (O=F)
Word Searched: off",stockswallet,6947044408890051845,19400,6376,260,20,35
"Ocugen, Inc. (OCGN)",stockmarkethacks,6938802589395913989,5803,2232,112,3,6
"Omega Healthcare Investors, Inc (OHI)
Word Searched: INVESTOR",ceowatchlist,6946745570920860934,521900,17700,416,40,15
"Omega Healthcare Investors, Inc (OHI)
Word Searched: Investors",financialclout,6945668207910849797,11600,1821,85,0,7
"Omega Healthcare Investors, Inc (OHI)
Word Searched: Investors",marketafterhours,6945403619831336198,6058,494,21,3,4
"Omega Healthcare Investors, Inc (OHI)
Word Searched: investors",realstockmarket,6921738093380898053,3045,2010,58,5,4
"Omega Healthcare Investors, Inc (OHI)
Word Searched: investors",benbraveoak,6942598330513902854,13700,16200,514,48,33
"Onconova Therapeutics, Inc. (ONTX)",moderninvestor_,6930698535088229633,8312,4170,166,17,3
"Onconova Therapeutics, Inc. (ONTX)",sodapreneur,6937789671447612678,7185,6323,235,31,63
Opthea Limited (OPT),77trades,6947418348393188613,40300,406,56,0,8
"Organovo Holdings, Inc. (ONVO)
Word Searched: convo",bullishbetter,6947283073960578310,50800,578700,14500,777,3694
Outfront Media Inc. (REIT) (OUT),theonlynaklas,6945617160127483141,86400,6753,672,17,50
"PLAID INC (4165.T)
Word Searched: Plaid",stockvip,6926323575376858373,178700,91300,5670,266,645
"PORSCHE AUTOMOBIL HOLDING SE (POAHY)
Word Searched: PORSCHE",benbraveoak,6942598330513902854,13700,16200,514,48,33
"PPJ Healthcare Enterprises, Inc. (PPJE)",penny.lifestyles,6947461721686641925,176400,956,83,2,4
"PROFITABLE DEVS IN (PRDL)
Word Searched: PROFIT",mok.investments,6943426477228576005,4465,401,10,4,0
"PROM RESOURCES INC (PRMO)
Word Searched: PROMO",zhangsta,6946322388954975493,118000,4819,140,6,1
"PS Business Parks, Inc. (PSB)
Word Searched: parks",theonlynaklas,6945617160127483141,86400,6753,672,17,50
"Pacer Swan SOS Flex (April) ETF (PSFM)
Word Searched: APRIL",notkamel,6945941658466848006,26000,93100,7344,109,514
"Pacer Swan SOS Flex (April) ETF (PSFM)
Word Searched: April",moneylinemark,6946280161658588421,719500,52100,3801,86,61
"PagSeguro Digital Ltd. (PAGS)
Word Searched: pages",investwithruss,6947314550253423878,96000,4520,214,16,6
Palantir Technologies Inc. (PLTR),hccapital,6945819763641765125,46500,3020,136,23,4
Palantir Technologies Inc. (PLTR),butimnotatrader,6947438856656424197,41500,410,16,7,0
Palantir Technologies Inc. (PLTR),mr.investr,6946994794778381573,79600,28600,1091,122,301
Palantir Technologies Inc. (PLTR),alertscapital,6947437663062396165,9998,2658,28,7,10
Palantir Technologies Inc. (PLTR),bugs.money,6947485537997540614,4018,1,1,0,0
"Palantir Technologies Inc. (PLTR)
Word Searched: PALANTIR",mr.investr,6946994794778381573,79600,28600,1091,122,301
"Palmer Square Income Plus Fund (PSYPX)
Word Searched: Palmer",hustlyinvest.com,6947325600944098565,55600,3021,424,8,3
"Pan American Silver Corp. (PAAS)
Word Searched: AMERICA S",ceowatchlist,6946745570920860934,521900,17700,416,40,15
"Party City Holdco Inc. (PRTY)
Word Searched: party",assetentities,6946670694289706245,517800,31100,2849,68,18
"PayPal Holdings, Inc. (PYPL)",beermonies_trading,6934871830276607237,2326,334,32,0,1
"Paysign, Inc. (PAYS)
Word Searched: days",tradingwithchristian,6932638179094760709,1226,451,9,1,1
"Paysign, Inc. (PAYS)
Word Searched: days",markettrader_official,6947392861042167046,278800,4829,708,23,7
"Peloton Interactive, Inc. (PTON)
Word Searched: Interact",striketrading,6940442368688672006,77400,4082,137,12,8
"Penn National Gaming, Inc. (PENN)",hccapital,6945819763641765125,46500,3020,136,23,4
"PharmaRoth Labs, Inc. (ROTH)",luxuryequities,6947473766821711110,267400,1391,88,7,2
"Pimco Global Stocksplus & Incom (PGP)
Word Searched: Stocks",nickcomizio,6945988629625883910,3797,6932,188,29,51
"Pimco Global Stocksplus & Incom (PGP)
Word Searched: stocks",spacs.ai,6932620674951384326,28000,3206,130,36,41
"Pimco Global Stocksplus & Incom (PGP)
Word Searched: stocks",thestockhub,6947244459490921733,78000,2271,74,6,1
"Pimco Global Stocksplus & Incom (PGP)
Word Searched: stocks",alcidesvla,6946533625600937222,12800,4373,117,28,5
Pintec Technology Holdings Limited (PT),sky_trades,6947438593736559878,81400,2977,110,14,5
Pintec Technology Holdings Limited (PT),stocksmadeez,6790919963218644229,3142,7358,208,17,14
Pintec Technology Holdings Limited (PT),beermonies_trading,6934871830276607237,2326,334,32,0,1
Pintec Technology Holdings Limited (PT),itsali88,6947484869287021829,1458,14,2,0,0
"Pinterest, Inc. (PINS)
Word Searched: WINS",mr.investr,6946994794778381573,79600,28600,1091,122,301
"Polar Power, Inc. (POLA)",stockrogue,6932552320605605125,42400,3620,91,16,2
"PriceSmart, Inc. (PSMT)
Word Searched: PRICES",hustlyinvest.com,6947325600944098565,55600,3021,424,8,3
"PriceSmart, Inc. (PSMT)
Word Searched: prices",hustlyinvest.com,6947325600944098565,55600,3021,424,8,3
Principal Investment Grade Corporate Active ETF (IG),tradelikegates,6947459139970895110,28900,1291,63,7,8
"Principal Solar, Inc. (PSWW)",penny.lifestyles,6947461721686641925,176400,956,83,2,4
QUALCOMM Incorporated (QCOM),hccapital,6945819763641765125,46500,3020,136,23,4
"Quarterly IMM SONIA Futures,Jun (SON=F)
Word Searched: quarterly",realstockmarket,6921738093380898053,3045,2010,58,5,4
"RATIONAL AG (RAA.DE)
Word Searched: rational",stockrogue,6932552320605605125,42400,3620,91,16,2
"RCI Hospitality Holdings, Inc. (RICK)
Word Searched: rich",stockshub,6930999772882980102,82900,4069,122,16,2
"RCI Hospitality Holdings, Inc. (RICK)
Word Searched: rich",invest.stocks,6947326894916291845,109600,3623,188,15,4
"RCI Hospitality Holdings, Inc. (RICK)
Word Searched: rich",yungvalades,6919163461234724101,2892,31500,1088,158,118
"RIGHT ON BRANDS INC (RTON)
Word Searched: right",hustlyinvest.com,6947325600944098565,55600,3021,424,8,3
"Realty Income Corporation (O)
Word Searched: income",realstockmarket,6921738093380898053,3045,2010,58,5,4
ReneSola Ltd (SOL),bugs.money,6947485537997540614,4018,1,1,0,0
"Rimini Street, Inc. - Warrants (RMNIW)
Word Searched: Warrant",spacs.ai,6932620674951384326,28000,3206,130,36,41
"Rimini Street, Inc. - Warrants (RMNIW)
Word Searched: Warrants",spacs.ai,6932620674951384326,28000,3206,130,36,41
"Rimini Street, Inc. - Warrants (RMNIW)
Word Searched: warrant",spacs.ai,6932620674951384326,28000,3206,130,36,41
"Rimini Street, Inc. - Warrants (RMNIW)
Word Searched: warrants",spacs.ai,6932620674951384326,28000,3206,130,36,41
Rimrock Gold Corp. (RMRK),penny.lifestyles,6947461721686641925,176400,956,83,2,4
"Riot Blockchain, Inc (RIOT)
Word Searched: Blockchain",nickcomizio,6945988629625883910,3797,6932,188,29,51
"Rocket Companies, Inc. (RKT)",oscarwulfff,6935241744531590406,8162,32800,1874,66,529
"Rocket Companies, Inc. (RKT)",alertscapital,6947437663062396165,9998,2658,28,7,10
"Rocket Companies, Inc. (RKT)
Word Searched: companies",coincapital,6947140567033810181,3567,229,11,0,1
"Rocket Companies, Inc. (RKT)
Word Searched: rocket",stocks_invest,6941010458627394821,76100,16100,202,35,9
"Roku, Inc. (ROKU)",hccapital,6945819763641765125,46500,3020,136,23,4
"Roundhill Sports Betting & iGam (BETZ)
Word Searched: betting",finance_tiktok,6923281503979916550,21700,3855,37,4,0
"Rush Street Interactive, Inc. (RSI)",letstalkinvesting,6943371380687768837,107000,6534,394,13,46
"S&P 500 (^GSPC)
Word Searched: S",stockvip,6926323575376858373,178700,91300,5670,266,645
"S&P 500 (^GSPC)
Word Searched: s",hustlyinvest.com,6947325600944098565,55600,3021,424,8,3
"S&P 500 Annual Dividend Index F (SDA=F)
Word Searched: Dividend",realstockmarket,6921738093380898053,3045,2010,58,5,4
"S&P 500 MINI SPX OPTIONS INDEX (^XSP)
Word Searched: OPTIONS",rudaman,6945929212272479494,3696,300,25,2,4
"S&P 500 MINI SPX OPTIONS INDEX (^XSP)
Word Searched: options",thestockhub,6947244459490921733,78000,2271,74,6,1
"S&P 500 MINI SPX OPTIONS INDEX (^XSP)
Word Searched: options",stock_catalyst,6935588755646532870,1785,704,42,1,7
"SANTO MINING CORP (SANP)
Word Searched: mining",coincapital,6947140567033810181,3567,229,11,0,1
"SCIUKER FRAMES SPA (3K4.F)
Word Searched: frames",theoptionlab,6935499890038541573,2185,1459,26,8,3
"SEEING MACHINES LD (SEEMF)
Word Searched: seeing",stockswings,6940030483480759557,61400,6028,169,36,9
"SIGNIFY NV (PHPPY)
Word Searched: puppy",thebuyinking,6940646927092452614,535900,99700,8691,169,198
"SINGLEPOINT INC (SING)
Word Searched: Using",titotrades,6947303779263991046,52800,1832,165,9,10
SOS Limited (SOS),theoptionlab,6935499890038541573,2185,1459,26,8,3
SOS Limited (SOS),erikbotoss,6941779137254280453,4330,6428,143,62,12
"STX GC POOL.2 WEEKS EUR (X23T.Z)
Word Searched: weeks",mok.investments,6943426477228576005,4465,401,10,4,0
"Sachem Capital Corp. (SACH)
Word Searched: each",thebuyinking,6940646927092452614,535900,99700,8691,169,198
"Schwab US Dividend Equity ETF (SCHD)
Word Searched: EQUITY",fourtoeight,6945936407730932998,1100000,95100,14600,94,304
Sealed Air Corporation (SEE),mok.investments,6943426477228576005,4465,401,10,4,0
"ServiceNow, Inc. (NOW)",stockrogue,6932552320605605125,42400,3620,91,16,2
"ServiceNow, Inc. (NOW)",hustlyinvest.com,6947325600944098565,55600,3021,424,8,3
"Sharm Dreams Co. for Tourism In (EGS70571C012.CA)
Word Searched: dreams",mikesintact,6943743306543189254,33700,4219,558,25,36
"Shopify Inc. (SHOP)
Word Searched: Show",spacs.ai,6932620674951384326,28000,3206,130,36,41
"Shree Worstex Limited (SHWL.BO)
Word Searched: WORST",investwithruss,6947314550253423878,96000,4520,214,16,6
"SilverSun Technologies, Inc. (SSNT)
Word Searched: isnt",hustlyinvest.com,6947325600944098565,55600,3021,424,8,3
Sit Rising Rate ETF (RISE),hustlyinvest.com,6947325600944098565,55600,3021,424,8,3
Skillz Inc. (SKLZ),thediamondhandz,6947036509602188550,52600,3368,49,13,3
"Sleep Number Corporation (SNBR)
Word Searched: Sleep",optionscapital,6940077432586194182,17300,1364,38,2,2
"Snap Inc. (SNAP)
Word Searched: swap",stockswallet,6947044408890051845,19400,6376,260,20,35
"Snap Inc. (SNAP)
Word Searched: swap",gavin_mayo,6947405247862131973,252000,1573,71,16,5
"Software and IT Services Portfo (FSCSX)
Word Searched: IT S",simplyinvesting,6947162066012704005,2932,374,4,1,0
"Software and IT Services Portfo (FSCSX)
Word Searched: It s",hustlyinvest.com,6947325600944098565,55600,3021,424,8,3
"Software and IT Services Portfo (FSCSX)
Word Searched: it s",spacs.ai,6932620674951384326,28000,3206,130,36,41
"Software and IT Services Portfo (FSCSX)
Word Searched: it s",investwithruss,6947314550253423878,96000,4520,214,16,6
"Sound Mind Investing Fund (SMIFX)
Word Searched: INVESTING",investodaily,6947389242507087109,13600,179,13,2,2
"Sound Mind Investing Fund (SMIFX)
Word Searched: investing",realstockmarket,6921738093380898053,3045,2010,58,5,4
"Sound Mind Investing Fund (SMIFX)
Word Searched: investing",luxuryequities,6947473766821711110,267400,1391,88,7,2
"Spine Injury Solutions, Inc. (SPIN)",assetentities,6946670694289706245,517800,31100,2849,68,18
"Spinnaker ETF Series The Cannab (THCX)
Word Searched: ETF S",greentradesonly,6946317342586440965,21800,1220,32,9,2
Spotify Technology S.A. (SPOT),beermonies_trading,6934871830276607237,2326,334,32,0,1
"Square, Inc. (SQ)",beermonies_trading,6934871830276607237,2326,334,32,0,1
"Square, Inc. (SQ)",hccapital,6945819763641765125,46500,3020,136,23,4
"Square, Inc. (SQ)",theonlynaklas,6945617160127483141,86400,6753,672,17,50
"Stellar USD (XLM-USD)
Word Searched: STELLAR",flash.trades,6946441263553973510,2267,43,4,0,0
"Strategic Advisers Fidelity U.S (FCTDX)
Word Searched: advise",moderninvestor_,6930698535088229633,8312,4170,166,17,3
"SundayToz (123420.KQ)
Word Searched: Sunday",flextrading,6944888935579520262,4095,5046,177,11,25
Sundial Growers Inc. (SNDL),hccapital,6945819763641765125,46500,3020,136,23,4
"Sunworks, Inc. (SUNW)",milehightrading,6946345435082558726,174600,13500,292,48,3
"Super League Gaming, Inc. (SLGG)",nickcomizio,6945988629625883910,3797,6932,188,29,51
"T. Rowe Price Group, Inc. (TROW)
Word Searched: Price",spacs.ai,6932620674951384326,28000,3206,130,36,41
"T. Rowe Price Group, Inc. (TROW)
Word Searched: Price",bullishbetter,6947283073960578310,50800,578700,14500,777,3694
"THETA USD (THETA-USD)
Word Searched: THETA",titotrades,6947303779263991046,52800,1832,165,9,10
"TRADESHOW MARKETING CO LTD (TSHO)
Word Searched: trades",nickcomizio,6945988629625883910,3797,6932,188,29,51
Target Corporation (TGT),tradelikegates,6947459139970895110,28900,1291,63,7,8
"Target Corporation (TGT)
Word Searched: Target",spacs.ai,6932620674951384326,28000,3206,130,36,41
Target Hospitality Corp. (TH),bugs.money,6947485537997540614,4018,1,1,0,0
"Tattooed Chef, Inc. (TTCF)",stockrogue,6932552320605605125,42400,3620,91,16,2
"Teladoc Health, Inc. (TDOC)",hccapital,6945819763641765125,46500,3020,136,23,4
Tellurian Inc. (TELL),aceinvestments,6941901471747198213,60000,9527,378,34,8
"Tesla, Inc. (TSLA)",stockrogue,6932552320605605125,42400,3620,91,16,2
"Tesla, Inc. (TSLA)",stockvip,6926323575376858373,178700,91300,5670,266,645
"Tesla, Inc. (TSLA)",hccapital,6945819763641765125,46500,3020,136,23,4
"Tesla, Inc. (TSLA)",milehightrading,6946345435082558726,174600,13500,292,48,3
"Tesla, Inc. (TSLA)",llamas1115,6940026359137766662,798,194,6,10,2
"Tesla, Inc. (TSLA)
Word Searched: I",stocksfeed,6943349892844768518,72100,5363,236,41,6
"Tesla, Inc. (TSLA)
Word Searched: I",spacs.ai,6932620674951384326,28000,3206,130,36,41
"Tesla, Inc. (TSLA)
Word Searched: I",stockswithjack,6946011946164505858,17800,5557,560,35,4
"Tesla, Inc. (TSLA)
Word Searched: I",stockstok,6926183877455154438,5585,313,12,1,1
"Tesla, Inc. (TSLA)
Word Searched: I",stockmarket_507,6934532298616360198,4651,2003,53,6,8
"Tesla, Inc. (TSLA)
Word Searched: I",thetaclub,6929260998390041862,2329,2950,32,6,23
"Tesla, Inc. (TSLA)
Word Searched: I",mok.investments,6943426477228576005,4465,401,10,4,0
"Tesla, Inc. (TSLA)
Word Searched: I",ceowatchlist,6946745570920860934,521900,17700,416,40,15
"Tesla, Inc. (TSLA)
Word Searched: I",invest.stocks,6947326894916291845,109600,3623,188,15,4
"Tesla, Inc. (TSLA)
Word Searched: I",tradingwithchristian,6932638179094760709,1226,451,9,1,1
"Tesla, Inc. (TSLA)
Word Searched: I",investing_with_mike,6946702230124973317,77100,723,34,5,0
"Tesla, Inc. (TSLA)
Word Searched: I",investwithruss,6947314550253423878,96000,4520,214,16,6
"Tesla, Inc. (TSLA)
Word Searched: I",llamas1115,6940026359137766662,798,194,6,10,2
"Tesla, Inc. (TSLA)
Word Searched: I",ashton_noland,6947402673243147526,78300,4414,370,13,72
"Tesla, Inc. (TSLA)
Word Searched: I",slater_trades,6946589132017716486,32100,1316,23,0,0
"Tesla, Inc. (TSLA)
Word Searched: I",markettrader_official,6947392861042167046,278800,4829,708,23,7
"Tesla, Inc. (TSLA)
Word Searched: I",hustlyinvest.com,6947325600944098565,55600,3021,424,8,3
"Tesla, Inc. (TSLA)
Word Searched: TESLA",stockshub,6930999772882980102,82900,4069,122,16,2
"Tesla, Inc. (TSLA)
Word Searched: TESLA",notkamel,6945941658466848006,26000,93100,7344,109,514
"Tesla, Inc. (TSLA)
Word Searched: Tesla",stockchartpatterns,6928841938066164997,2724,3086,71,7,1
"Tesla, Inc. (TSLA)
Word Searched: i",coletrades,6939292324946119941,3516,1622,18,14,0
"Tesla, Inc. (TSLA)
Word Searched: i",thebuyinking,6940646927092452614,535900,99700,8691,169,198
"Tesla, Inc. (TSLA)
Word Searched: i",tradingwithchristian,6932638179094760709,1226,451,9,1,1
"Tesla, Inc. (TSLA)
Word Searched: i",llamas1115,6940026359137766662,798,194,6,10,2
"Tesla, Inc. (TSLA)
Word Searched: tesla",stocktalkdaily,6873484534889942277,9214,6179,250,15,35
"Tesla, Inc. (TSLA)
Word Searched: tesla",stocktok16,6940295230285548806,3648,1787,108,12,2
"Teva Pharmaceutical Industries  (TEVA)
Word Searched: Industries",highleyinvested,6946908526124092677,38700,902,76,1,1
The Allstate Corporation (ALL),investwithruss,6947314550253423878,96000,4520,214,16,6
The Allstate Corporation (ALL),jefethestockguru,6946693151360961797,25000,392,12,2,0
The Chemours Company (CC),hustlyinvest.com,6947325600944098565,55600,3021,424,8,3
"The Hartford Checks and Balance (HCKAX)
Word Searched: checks",coletrades,6939292324946119941,3516,1622,18,14,0
"The Hartford Checks and Balance (HCKAX)
Word Searched: checks",thebuyinking,6940646927092452614,535900,99700,8691,169,198
"The Home Depot, Inc. (HD)",beermonies_trading,6934871830276607237,2326,334,32,0,1
The Southern Company (SO),stockstok,6926183877455154438,5585,313,12,1,1
The Southern Company (SO),thelaptoplegend,6934173585376431365,128800,8028,516,26,8
The Southern Company (SO),markettrader_official,6947392861042167046,278800,4829,708,23,7
"The Trade Desk, Inc. (TTD)
Word Searched: Trade",slater_trades,6946589132017716486,32100,1316,23,0,0
The Walt Disney Company (DIS),theonlynaklas,6945617160127483141,86400,6753,672,17,50
"Tianrong Internet Products and Services, Inc. (TIPS)",vinstock,6946663444439371014,44100,2059,152,24,9
"Tilray, Inc. (TLRY)",hccapital,6945819763641765125,46500,3020,136,23,4
"TransUnion (TRU)
Word Searched: Transunion",77trades,6947418348393188613,40300,406,56,0,8
"Treasury Yield 30 Years (^TYX)
Word Searched: years",quicktrades,6947113839875968262,32700,1488,42,11,5
Trident Acquisitions Corp. (TDAC),johnnyonthestocks,6942991138483703045,114100,22600,1249,193,134
"TriplePoint Venture Growth BDC  (TPVG)
Word Searched: TRIPLE",sodapreneur,6937789671447612678,7185,6323,235,31,63
"Tupperware Brands Corporation (TUP)
Word Searched: Yup",markettrader_official,6947392861042167046,278800,4829,708,23,7
"Turning Point Brands, Inc. (TPB)
Word Searched: TURNING",flashofstocks,6945853037709724933,11600,7930,706,56,127
"Turning Point Brands, Inc. (TPB)
Word Searched: Turning",stockclutch,6932606059446144262,2291,1425,43,2,1
"Twitter, Inc. (TWTR)
Word Searched: twitter",flash.trades,6946441263553973510,2267,43,4,0,0
"U.S. Global Jets ETF (JETS)
Word Searched: Bets",bagchaser1337,6923719966386687237,4018,1097,62,14,22
"U.S. Global Jets ETF (JETS)
Word Searched: LETS",rudaman,6945929212272479494,3696,300,25,2,4
"US Dollar Jun 21 (DX=F)
Word Searched: Dollar",mr.investr,6946994794778381573,79600,28600,1091,122,301
"US Dollar Jun 21 (DX=F)
Word Searched: dollar",thebuyinking,6940646927092452614,535900,99700,8691,169,198
"USAA 500 Index Fund Reward Shar (USPRX)
Word Searched: Reward",stockswithjack,6946011946164505858,17800,5557,560,35,4
"USAA 500 Index Fund Reward Shar (USPRX)
Word Searched: reward",realstockmarket,6921738093380898053,3045,2010,58,5,4
"USAA 500 Index Fund Reward Shar (USPRX)
Word Searched: reward",stock_catalyst,6935588755646532870,1785,704,42,1,7
USCF SummerHaven SHPEI Index Fund (BUY),stocktalkk,6947465594002279686,1897,19,3,0,0
USCF SummerHaven SHPEI Index Fund (BUY),thewallstreetjungle,6947022831326743813,23900,626,35,4,1
USCF SummerHaven SHPEI Index Fund (BUY),thestockhub,6947244459490921733,78000,2271,74,6,1
USCF SummerHaven SHPEI Index Fund (BUY),sodapreneur,6937789671447612678,7185,6323,235,31,63
USCF SummerHaven SHPEI Index Fund (BUY),tradeideas,6945996648522812678,5487,2632,61,17,74
"Uber Technologies, Inc. (UBER)",tradelikegates,6947459139970895110,28900,1291,63,7,8
"United Drilling Tools Ltd (UNIDT.NS)
Word Searched: tools",oscarwulfff,6935241744531590406,8162,32800,1874,66,529
United States Steel Corporation (X),simplyinvesting,6947162066012704005,2932,374,4,1,0
United States Steel Corporation (X),markettrader_official,6947392861042167046,278800,4829,708,23,7
"VBI Vaccines, Inc. (VBIV)
Word Searched: vaccine",wallstreet.man,6918393271152610566,13100,684000,55300,1010,5200
"VanEck Vectors Gold Miners ETF (GDX)
Word Searched: MINERS",gd_investments,6947434915092794629,248600,1437,98,8,1
"Vanguard Global Minimum Volatil (VMVFX)
Word Searched: minimum",hustlyinvest.com,6947325600944098565,55600,3021,424,8,3
"Vanguard Long-Term Bond ETF (BLV)
Word Searched: long term",realstockmarket,6921738093380898053,3045,2010,58,5,4
"Vanguard Short-Term Inflation-P (VTIP)
Word Searched: inflation",hustlyinvest.com,6947325600944098565,55600,3021,424,8,3
"Vanguard Specialized Portfolios (VDIGX)
Word Searched: Portfolio",austinhankwitz,6946680853879688454,482000,37100,3243,74,209
"Vanguard Target Retirement Inco (VTINX)
Word Searched: retire",luxuryequities,6947473766821711110,267400,1391,88,7,2
"Vanguard Total Stock Market ETF (VTI)
Word Searched: Market",chris.stocks,6947338160393276677,79300,4067,398,3,2
"Vaxart, Inc. - Common Stock (VXRT)
Word Searched: stock",realstockmarket,6921738093380898053,3045,2010,58,5,4
"Vaxart, Inc. - Common Stock (VXRT)
Word Searched: stock",finance_tiktok,6923281503979916550,21700,3855,37,4,0
"VeriFone Systems, Inc. (PAY)",llamas1115,6940026359137766662,798,194,6,10,2
"Verizon Communications Inc. (VZ)
Word Searched: NZ",stockswithjack,6946011946164505858,17800,5557,560,35,4
"Verizon Communications Inc. (VZ)
Word Searched: nz",stockswithjack,6946011946164505858,17800,5557,560,35,4
Versus Systems Inc. (VS),stock_catalyst,6935588755646532870,1785,704,42,1,7
"Virgin Galactic Holdings, Inc. (SPCE)",thediamondhandz,6947036509602188550,52600,3368,49,13,3
"Viveve Medical, Inc. (VIVE)",stocks_helper,6924371171479719173,668,5589,42,13,4
Vuzix Corporation (VUZI),thediamondhandz,6947036509602188550,52600,3368,49,13,3
"WEEKEND UNLIMITED INDUSTRIES IN (WKULF)
Word Searched: weekend",chris.stocks,6947338160393276677,79300,4067,398,3,2
"WO Group, Inc. (PAPA)",llamas1115,6940026359137766662,798,194,6,10,2
"Walt Disney Company (The) (DIS)
Word Searched: DID",stockswallet,6947044408890051845,19400,6376,260,20,35
"Walt Disney Company (The) (DIS)
Word Searched: DID",theonlynaklas,6945617160127483141,86400,6753,672,17,50
"Walt Disney Company (The) (DIS)
Word Searched: dip",stocksfeed,6943349892844768518,72100,5363,236,41,6
"Walt Disney Company (The) (DIS)
Word Searched: dip",stocksfix,6934401350012800261,4949,2824,55,10,1
"Walt Disney Company (The) (DIS)
Word Searched: dip",stockmarket_507,6934532298616360198,4651,2003,53,6,8
"Walt Disney Company (The) (DIS)
Word Searched: dip",tradingwithchristian,6932638179094760709,1226,451,9,1,1
"Walt Disney Company (The) (DIS)
Word Searched: dips",stockrogue,6932552320605605125,42400,3620,91,16,2
"Waste Management, Inc. (WM)
Word Searched: WAS",ceowatchlist,6946745570920860934,521900,17700,416,40,15
"Waste Management, Inc. (WM)
Word Searched: Was",thelaptoplegend,6934173585376431365,128800,8028,516,26,8
"Waste Management, Inc. (WM)
Word Searched: Was",hustlyinvest.com,6947325600944098565,55600,3021,424,8,3
"Wedgewood Fund Retail Class (RWGFX)
Word Searched: wedge",thediamondhandz,6947036509602188550,52600,3368,49,13,3
"Westwater Resources, Inc. (WWR)
Word Searched: we re",assetentities,6946670694289706245,517800,31100,2849,68,18
"Whole Earth Brands, Inc. (FREE)",theonlynaklas,6945617160127483141,86400,6753,672,17,50
"Whole Earth Brands, Inc. (FREE)",alertscapital,6947437663062396165,9998,2658,28,7,10
"WideOpenWest, Inc. (WOW)",highleyinvested,6946908526124092677,38700,902,76,1,1
"Wilmington Strategic Allocation (WAAAX)
Word Searched: WAAAY",thelaptoplegend,6934173585376431365,128800,8028,516,26,8
"WisdomTree U.S. SmallCap Divide (DES)
Word Searched: does",hustlyinvest.com,6947325600944098565,55600,3021,424,8,3
"YEAHKA (9923.HK)
Word Searched: Yeah",hustlyinvest.com,6947325600944098565,55600,3021,424,8,3
"Youdao, Inc. (DAO)
Word Searched: YOU",slater_trades,6946589132017716486,32100,1316,23,0,0
"Youdao, Inc. (DAO)
Word Searched: You",stockrogue,6932552320605605125,42400,3620,91,16,2
"Youdao, Inc. (DAO)
Word Searched: you",realstockmarket,6921738093380898053,3045,2010,58,5,4
"Youdao, Inc. (DAO)
Word Searched: you",slater_trades,6946589132017716486,32100,1316,23,0,0
"Youdao, Inc. (DAO)
Word Searched: you",luxuryequities,6947473766821711110,267400,1391,88,7,2
"Youdao, Inc. (DAO)
Word Searched: youd",markettrader_official,6947392861042167046,278800,4829,708,23,7
"Zoom Video Communications, Inc. (ZM)",hccapital,6945819763641765125,46500,3020,136,23,4
"aTyr Pharma, Inc. (LIFE)",hccapital,6945819763641765125,46500,3020,136,23,4
"eGain Corporation (EGAN)
Word Searched: began",llamas1115,6940026359137766662,798,194,6,10,2
"eXp World Holdings, Inc. (EXPI)
Word Searched: world",stockvip,6926323575376858373,178700,91300,5670,266,645
iShares Global Timber & Forestry ETF (WOOD),stockstok,6926183877455154438,5585,313,12,1,1
"iShares MSCI Global Select Meta (PICK)
Word Searched: PICKS",investodaily,6947389242507087109,13600,179,13,2,2
"iShares MSCI USA Momentum Facto (MTUM)
Word Searched: momentum",stocks_invest,6941010458627394821,76100,16100,202,35,9
iShares TIPS Bond ETF (TIP),brotherhood.finance,6945275984799173894,14700,585,49,16,14
iShares US Fixed Income Bal Rsk (INC),stockmarketuniversity,6947154753776340229,3021,2817,67,4,5
iShares US Fixed Income Bal Rsk (INC),trendstocks,6933624364407475462,1137,1247,8,2,0
"lululemon athletica inc. (LULU)
Word Searched: Hulu",theonlynaklas,6945617160127483141,86400,6753,672,17,50
"one (AONE)
Word Searched: alone",theoptionlab,6935499890038541573,2185,1459,26,8,3
